<?xml version="1.0" encoding="UTF-8"?>
<spirit:busDefinition xmlns:xilinx="http://www.xilinx.com" xmlns:spirit="http://www.spiritconsortium.org/XMLSchema/SPIRIT/1685-2009" xmlns:xsi="http://www.w3.org/2001/XMLSchema-instance">
<spirit:vendor>xilinx.com</spirit:vendor>
    <spirit:library>interface</spirit:library>
    <spirit:name>cap_dvp_io</spirit:name>
    <spirit:version>1.0</spirit:version>
    <spirit:directConnection>false</spirit:directConnection>
    <spirit:isAddressable>false</spirit:isAddressable>
    <spirit:extends spirit:vendor="xilinx.com"
            spirit:library="interface"
            spirit:name="cap_dvp_io"
            spirit:version="1.0"/>
    <spirit:maxMasters>1</spirit:maxMasters>
    <spirit:maxSlaves>1</spirit:maxSlaves>
    <spirit:description>Capture Interface</spirit:description>
</spirit:busDefinition>