<?xml version="1.0" encoding="UTF-8"?>
<spirit:abstractionDefinition xmlns:xilinx="http://www.xilinx.com" xmlns:spirit="http://www.spiritconsortium.org/XMLSchema/SPIRIT/1685-2009" xmlns:xsi="http://www.w3.org/2001/XMLSchema-instance">
<spirit:vendor>xilinx.com</spirit:vendor>
<spirit:library>interface</spirit:library>
<spirit:name>cap_dvp_io_rtl</spirit:name>
<spirit:version>1.0</spirit:version>
<spirit:busType spirit:vendor="xilinx.com" spirit:library="interface" spirit:name="cap_dvp_io" spirit:version="1.0"/>
<spirit:ports>			
	<spirit:port>
		<spirit:logicalName>cap_data</spirit:logicalName>
		<spirit:description>Capture Data</spirit:description>
		<spirit:wire>
			<spirit:onSlave>
				<spirit:presence>required</spirit:presence>
				<spirit:direction>in</spirit:direction>
			</spirit:onSlave>
		</spirit:wire>
	</spirit:port>

	<spirit:port>
		<spirit:logicalName>cap_vsync</spirit:logicalName>
		<spirit:description>Capture VSYNC</spirit:description>
		<spirit:wire>
			<spirit:onSlave>
				<spirit:presence>required</spirit:presence>
				<spirit:width>1</spirit:width>
				<spirit:direction>in</spirit:direction>
			</spirit:onSlave>
		</spirit:wire>
	</spirit:port>

	<spirit:port>
		<spirit:logicalName>cap_hsync</spirit:logicalName>
		<spirit:description>Capture HSYNC</spirit:description>
		<spirit:wire>
			<spirit:onSlave>
				<spirit:presence>required</spirit:presence>
				<spirit:width>1</spirit:width>
				<spirit:direction>in</spirit:direction>
			</spirit:onSlave>
		</spirit:wire>
	</spirit:port>


	<spirit:port>
		<spirit:logicalName>cap_xclk</spirit:logicalName>
		<spirit:description>Capture Input CLK</spirit:description>
		<spirit:wire>
			<spirit:onSlave>
				<spirit:presence>required</spirit:presence>
				<spirit:width>1</spirit:width>
				<spirit:direction>out</spirit:direction>
			</spirit:onSlave>
		</spirit:wire>
	</spirit:port>

	<spirit:port>
		<spirit:logicalName>cap_active</spirit:logicalName>
		<spirit:description>Capture Active</spirit:description>
		<spirit:wire>
			<spirit:onSlave>
				<spirit:presence>required</spirit:presence>
				<spirit:width>1</spirit:width>
				<spirit:direction>out</spirit:direction>
			</spirit:onSlave>
		</spirit:wire>
	</spirit:port>
</spirit:ports>
</spirit:abstractionDefinition>